carrier,On_Time_Rate,Avg_Delay,Avg_Cost,on_time_norm,delay_norm,cost_norm,performance_score
AramexPlus,0.3606102635228849,1.4008321775312067,44.7853120665742,0.4668559217531976,0.6825238397690988,0.9884649556716605,0.37650990555402286
FastGo,0.7724230254350736,0.3868808567603748,44.026653279785805,1.0,0.18849895949321688,0.9717204564274003,0.8462782665092949
LocalShip,0.11508951406649616,2.0524296675191818,45.307941176470585,0.14899803640844478,1.0,1.0,0.08939882184506687
PrimeRoute,0.608,0.7746666666666666,44.32468,0.7871334488734836,0.3774388369678089,0.9782982596220635,0.6612185922715411
